ジャンル名,実売上xジャンル別係数
食品>米・雑穀>白米,1516146000
食品>米・雑穀>玄米,226508000
食品>惣菜>和風惣菜>蒲焼き,389502000
食品>その他,41867000
食品>チーズ・乳製品>コーヒー用ミルク,6439000
食品>パン・ジャム・シリアル>ジャム・はちみつ>はちみつ・ハニー>はちみつ,120832000
食品>チーズ・乳製品>その他,11505000
食品>米・雑穀>ご飯パック,120454000
食品>精肉・肉加工品>牛肉>セット・詰め合わせ,95908000
食品>チーズ・乳製品>チーズ>ウォッシュ>モン・ドール,1718000
食品>フルーツ・果物>さくらんぼ,173187000
食品>缶詰>水産物加工品,45957000
食品>フルーツ・果物>みかん,94794000
食品>惣菜>洋風惣菜>スープ,237302000
食品>惣菜>和風惣菜>セット・詰め合わせ,97020000
食品>チーズ・乳製品>チーズ>シェーブル,216000
食品>チーズ・乳製品>チーズ>スモークチーズ,1718000
食品>フルーツ・果物>メロン,61437000
食品>調味料>油>オリーブオイル,51264000
食品>惣菜>和風惣菜>みそ汁,82897000
食品>チーズ・乳製品>チーズ>セット・詰め合わせ,6684000
食品>フルーツ・果物>セット・詰め合わせ,76005000
食品>チーズ・乳製品>チーズ>その他,4667000
食品>フルーツ・果物>梅,56078000
食品>パン・ジャム・シリアル>ジャム・はちみつ>はちみつ・ハニー>マヌカハニー,92232000
食品>精肉・肉加工品>牛肉>その他,65049000
食品>フルーツ・果物>マンゴー,75156000
食品>魚介類・水産加工品>加工品>干物・燻製・スモーク食品,35586000
食品>チーズ・乳製品>チーズ>チーズフォンデュ,171000
食品>チーズ・乳製品>チーズ>プロセス,3369000
食品>チーズ・乳製品>マーガリン,1246000
食品>チーズ・乳製品>生クリーム・ホイップクリーム,5414000
食品>パン・ジャム・シリアル>クルトン,131000
食品>精肉・肉加工品>牛肉>タン,54775000
食品>パン・ジャム・シリアル>セット・詰め合わせ,11809000
食品>惣菜>洋風惣菜>ハンバーグ,68828000
食品>惣菜>和風惣菜>佃煮,33434000
食品>粉類>小麦粉,32172000
食品>惣菜>中華惣菜・点心>セット・詰め合わせ,46767000
食品>惣菜>洋風惣菜>セット・詰め合わせ,51362000
食品>調味料>だし>その他,40070000
食品>調味料>しょうゆ>濃口しょうゆ,20462000
食品>野菜・きのこ>にんにく,42106000
食品>乾物>かんぴょう,410000
食品>魚介類・水産加工品>貝類>ホタテ,34863000
食品>精肉・肉加工品>牛肉>肩ロース,32367000
食品>精肉・肉加工品>牛肉>モモ,23606000
食品>乾物>きな粉,4985000
食品>フルーツ・果物>りんご,45636000
食品>乾物>ごま,8030000
食品>漬物・梅干し・キムチ>梅干し>はちみつ梅,54507000
食品>惣菜>和風惣菜>その他,37461000
食品>魚介類・水産加工品>加工品>西京漬・漬魚,108206000
食品>パン・ジャム・シリアル>ジャム・はちみつ>ジャム・コンフィチュール,22419000
食品>精肉・肉加工品>牛肉>サーロイン,24023000
食品>魚介類・水産加工品>加工品>その他,31657000
食品>フルーツ・果物>桃,20900000
食品>米・雑穀>セット・詰め合わせ,40584000
食品>乾物>さば節,301000
食品>調味料>砂糖・甘味料>その他,31394000
食品>調味料>だし>かつおだし,41249000
食品>乾物>その他,20538000
食品>惣菜>和風惣菜>お茶漬け,73881000
食品>調味料>だし>あわせだし,33144000
食品>惣菜>中華惣菜・点心>餃子>生餃子,85763000
食品>漬物・梅干し・キムチ>梅干し>その他,32944000
食品>フルーツ・果物>スイカ,20159000
食品>乾物>だし昆布,10453000
食品>パン・ジャム・シリアル>パン>セット・詰め合わせ,36905000
食品>麺類>パスタ>ロングパスタ>スパゲティー,29320000
食品>乾物>とろろ昆布,5847000
食品>乾物>フカヒレ,701000
食品>精肉・肉加工品>牛肉>ヒレ・シャトーブリアン,15763000
食品>調味料>ソース・たれ>パスタソース,17760000
食品>惣菜>和風惣菜>丼>牛丼,73705000
食品>米・雑穀>餅,27734000
食品>調味料>だし>あごだし,27877000
食品>調味料>酢>果実酢,35622000
食品>卵>鶏卵,16936000
食品>精肉・肉加工品>牛肉>バラ・カルビ,24397000
食品>乾物>海苔>きざみ海苔・もみ海苔,3080000
食品>パン・ジャム・シリアル>シリアル>グラノーラ,26258000
食品>チーズ・乳製品>ヨーグルト>ドリンクヨーグルト,17902000
食品>魚介類・水産加工品>貝類>カキ,21365000
食品>乾物>海苔>セット・詰め合わせ,7685000
食品>調味料>ソース・たれ>その他,15628000
食品>フルーツ・果物>その他,17959000
食品>乾物>海苔>その他,4030000
食品>米・雑穀>その他,19592000
食品>野菜・きのこ>アスパラガス,19356000
食品>フルーツ・果物>いちご,16127000
食品>粉類>その他,21651000
食品>野菜・きのこ>サツマイモ,22250000
食品>精肉・肉加工品>鶏肉>セット・詰め合わせ,19161000
食品>調味料>油>こめ油,24149000
食品>調味料>油>ごま油,15303000
食品>魚介類・水産加工品>魚卵>明太子>切れ子,20522000
食品>野菜・きのこ>トマト,17409000
食品>惣菜>洋風惣菜>その他,18693000
食品>乾物>海苔>韓国海苔,7113000
食品>野菜・きのこ>たまねぎ,19799000
食品>米・雑穀>麦,31224000
食品>調味料>しょうゆ>刺身しょうゆ・だししょうゆ,10594000
食品>乾物>海苔>焼き海苔,64624000
食品>調味料>みりん>本みりん,15225000
食品>惣菜>洋風惣菜>ピザ,18009000
食品>調味料>ふりかけ>その他,20633000
食品>缶詰>肉加工品,11370000
食品>精肉・肉加工品>鶏肉>モモ,14743000
食品>米・雑穀>発芽玄米,32189000
食品>乾物>海苔>青海苔,3869000
食品>乾物>海苔>味付け海苔,23273000
食品>チーズ・乳製品>バター>有塩バター,12094000
食品>惣菜>和風惣菜>寿司,15587000
食品>チーズ・乳製品>バター>無塩バター,15977000
食品>調味料>スパイス>その他,17469000
食品>魚介類・水産加工品>魚卵>イクラ・筋子>醤油イクラ,10646000
食品>野菜・きのこ>ジャガイモ,11778000
食品>米・雑穀>雑穀・雑穀米>ブレンド,55576000
食品>野菜・きのこ>とうもろこし,17711000
食品>乾物>鰹節>セット・詰め合わせ,2587000
食品>調味料>しょうゆ>その他,14227000
食品>魚介類・水産加工品>フグ>切り身・丸ごと,8250000
食品>精肉・肉加工品>豚肉>その他,12998000
食品>漬物・梅干し・キムチ>漬物>セット・詰め合わせ,14096000
食品>フルーツ・果物>レモン,13103000
食品>精肉・肉加工品>豚肉>セット・詰め合わせ,12000000
食品>パン・ジャム・シリアル>パン>食パン,20538000
食品>野菜・きのこ>豆類>小豆,10372000
食品>乾物>鰹節>その他,226000
食品>調味料>油>ココナッツオイル,16160000
食品>野菜・きのこ>らっきょう,9134000
食品>フルーツ・果物>ブドウ,13602000
食品>精肉・肉加工品>鶏肉>その他,27900000
食品>米・雑穀>もち麦,31761000
食品>漬物・梅干し・キムチ>梅干し>しそ梅,14716000
食品>缶詰>セット・詰め合わせ,8129000
食品>惣菜>中華惣菜・点心>餃子>セット・詰め合わせ,35389000
食品>惣菜>和風惣菜>お粥,13263000
食品>魚介類・水産加工品>その他水産物>その他,14510000
食品>野菜・きのこ>豆類>大豆,13568000
食品>惣菜>中華惣菜・点心>その他,14820000
食品>缶詰>フルーツ・果物,7919000
食品>乾物>鰹節>厚削り節,2036000
食品>精肉・肉加工品>馬肉>赤身,17164000
食品>惣菜>鍋セット>もつ鍋,11774000
食品>調味料>油>その他,8800000
食品>乾物>鰹節>仕上節,1272000
食品>米・雑穀>もち米,10957000
食品>野菜・きのこ>山菜,8301000
食品>野菜・きのこ>セット・詰め合わせ,13436000
食品>調味料>みそ>その他,8094000
食品>精肉・肉加工品>牛肉>リブロース,13901000
食品>フルーツ・果物>ブルーベリー,20525000
食品>調味料>酢>その他,9117000
食品>精肉・肉加工品>豚肉>ロース,9483000
食品>精肉・肉加工品>加工品>ソーセージ>ウインナーソーセージ,14106000
食品>精肉・肉加工品>羊肉>ラム,11171000
食品>米・雑穀>雑穀・雑穀米>その他,13560000
食品>乾物>鰹節>薄削り節,3621000
食品>調味料>だし>こんぶだし,16409000
食品>惣菜>和風惣菜>刺身・たたき,9308000
食品>魚介類・水産加工品>マグロ>赤身,9840000
食品>乾物>乾燥ひじき,4614000
食品>パン・ジャム・シリアル>シリアル>オートミール,20279000
食品>精肉・肉加工品>牛肉>ホルモン,9602000
食品>漬物・梅干し・キムチ>梅干し>セット・詰め合わせ,15832000
食品>精肉・肉加工品>豚肉>バラ・カルビ,12604000
食品>乾物>乾燥もずく,196000
食品>豆腐・納豆・こんにゃく>納豆>その他,20733000
食品>精肉・肉加工品>鶏肉>ムネ,11313000
食品>精肉・肉加工品>馬肉>セット・詰め合わせ,11167000
食品>乾物>乾燥わかめ,12869000
食品>フルーツ・果物>パイナップル,6418000
食品>魚介類・水産加工品>海藻類>その他,8549000
食品>調味料>砂糖・甘味料>人工甘味料,9929000
食品>魚介類・水産加工品>魚卵>明太子>真子,7875000
食品>魚介類・水産加工品>加工品>ちりめんじゃこ・しらす干し,11129000
食品>練り物>さつまあげ,9176000
食品>調味料>中華調味料>その他,8519000
食品>乾物>干ししいたけ,5299000
食品>惣菜>和風惣菜>おにぎり,12331000
食品>調味料>油>亜麻仁油,10676000
食品>調味料>ミックススパイス・混合調味料>その他,10032000
食品>惣菜>和風惣菜>唐揚げ,17359000
食品>パン・ジャム・シリアル>パン>その他,8447000
食品>惣菜>中華惣菜・点心>肉まん,11422000
食品>惣菜>和風惣菜>おこわ,20117000
食品>乾物>高野豆腐,1091000
食品>調味料>砂糖・甘味料>黒砂糖,7209000
食品>練り物>かまぼこ,5485000
食品>乾物>煮干,5045000
食品>漬物・梅干し・キムチ>梅干し>白梅干し,10287000
食品>調味料>ドレッシング>その他,7525000
食品>乾物>春雨,3136000
食品>調味料>みそ>米みそ,6797000
食品>乾物>切干大根,3254000
食品>フルーツ・果物>びわ,9715000
食品>漬物・梅干し・キムチ>漬物>ぬか漬け,10291000
食品>魚介類・水産加工品>マグロ>その他,18021000
食品>調味料>しょうゆ>セット・詰め合わせ,5784000
食品>乾物>麩,2016000
食品>魚介類・水産加工品>海藻類>昆布,7967000
食品>パン・ジャム・シリアル>ジャム・はちみつ>メープルシロップ,6320000
食品>調味料>ソース・たれ>焼肉のたれ,4386000
食品>魚介類・水産加工品>マグロ>トロ,15121000
食品>野菜・きのこ>生姜,8417000
食品>パン・ジャム・シリアル>パン>デニッシュ,10112000
食品>魚介類・水産加工品>アジ,12758000
食品>フルーツ・果物>ライチ,11726000
食品>調味料>料理の素>鍋の素,3718000
食品>調味料>ふりかけ>セット・詰め合わせ,8438000
食品>惣菜>和風惣菜>煮物,9741000
食品>調味料>ドレッシング>セット・詰め合わせ,7268000
食品>精肉・肉加工品>鶏肉>手羽,10490000
食品>パン・ジャム・シリアル>パン>ベーグル,20006000
食品>調味料>油>なたね油・キャノーラ油,8186000
食品>魚介類・水産加工品>イカ,43664000
食品>精肉・肉加工品>牛肉>ハラミ,8638000
食品>缶詰>野菜・きのこ,6014000
食品>野菜・きのこ>豆類>落花生,8552000
食品>フルーツ・果物>オレンジ,7011000
食品>野菜・きのこ>豆類>その他,6121000
食品>魚介類・水産加工品>イワシ,5978000
食品>惣菜>鍋セット>その他,4541000
食品>米・雑穀>ジャスミンライス,10665000
食品>野菜・きのこ>その他,7578000
食品>惣菜>和風惣菜>丼>その他,8177000
食品>チーズ・乳製品>ヨーグルト>ソフトヨーグルト,4814000
食品>粉類>米粉,11078000
食品>調味料>料理の素>その他,7332000
食品>調味料>ポン酢>その他,7917000
食品>パン・ジャム・シリアル>シリアル>その他,8952000
食品>魚介類・水産加工品>ウニ,23965000
食品>魚介類・水産加工品>エビ,68179000
食品>惣菜>韓国惣菜>その他,5753000
食品>調味料>だし>ブイヨン・コンソメ,8880000
食品>調味料>料理の素>炊き込みご飯の素,6727000
食品>惣菜>和風惣菜>お吸い物,8997000
食品>魚介類・水産加工品>海藻類>わかめ,9384000
食品>調味料>みそ>セット・詰め合わせ,5786000
食品>魚介類・水産加工品>カツオ,13614000
食品>魚介類・水産加工品>カニ,59577000
食品>魚介類・水産加工品>貝類>シジミ,3545000
食品>練り物>セット・詰め合わせ,6994000
食品>調味料>スパイス>山椒・花椒,5527000
食品>豆腐・納豆・こんにゃく>こんにゃく・しらたき,7618000
食品>魚介類・水産加工品>サケ,135445000
食品>漬物・梅干し・キムチ>漬物>その他,5057000
食品>魚介類・水産加工品>サバ,230572000
食品>惣菜>洋風惣菜>シチュー,5817000
食品>漬物・梅干し・キムチ>漬物>しょうゆ漬け,5126000
食品>野菜・きのこ>その他野菜>その他,4656000
食品>魚介類・水産加工品>サンマ,1823000
食品>惣菜>和風惣菜>雑炊,11505000
食品>魚介類・水産加工品>シシャモ,1222000
食品>惣菜>中華惣菜・点心>餃子>その他,8208000
食品>惣菜>和風惣菜>お好み焼き,6168000
食品>缶詰>惣菜,3885000
食品>魚介類・水産加工品>加工品>塩辛,3248000
食品>惣菜>洋風惣菜>コロッケ,5872000
食品>魚介類・水産加工品>魚卵>明太子>その他,14952000
食品>魚介類・水産加工品>セット・詰め合わせ,124018000
食品>魚介類・水産加工品>その他,19777000
食品>調味料>酢>米酢,4784000
食品>精肉・肉加工品>牛肉>ランプ,4215000
食品>チーズ・乳製品>ヨーグルト>セット・詰め合わせ,6757000
食品>魚介類・水産加工品>タイ,5507000
食品>調味料>油>えごま油,5119000
食品>惣菜>和風惣菜>焼き鳥・つくね,5511000
食品>惣菜>中華惣菜・点心>シュウマイ,5669000
食品>調味料>みそ>合わせみそ,4179000
食品>調味料>ドレッシング>和風ドレッシング,3838000
食品>調味料>酢>バルサミコ,3955000
食品>魚介類・水産加工品>タコ,4496000
食品>パン・ジャム・シリアル>パン>クロワッサン,8818000
食品>魚介類・水産加工品>その他水産物>ナマコ,2173000
食品>フルーツ・果物>柿,13474000
食品>豆腐・納豆・こんにゃく>豆腐>その他,4954000
食品>野菜・きのこ>にんじん,6873000
食品>魚介類・水産加工品>ブリ,4549000
食品>精肉・肉加工品>鶏肉>ささみ,4997000
食品>パン・ジャム・シリアル>ジャム・はちみつ>ピューレ,5192000
食品>魚介類・水産加工品>ホッケ,15277000
食品>野菜・きのこ>きのこ>その他,4476000
食品>パン・ジャム・シリアル>パン>菓子パン>その他,4188000
食品>魚介類・水産加工品>魚卵>からすみ,1551000
食品>漬物・梅干し・キムチ>漬物>松前漬け,3719000
食品>魚介類・水産加工品>魚卵>キャビア,1566000
食品>米・雑穀>雑穀・雑穀米>黒米,8065000
食品>魚介類・水産加工品>海藻類>めかぶ,3445000
食品>野菜・きのこ>カット野菜,7014000
食品>漬物・梅干し・キムチ>漬物>たくあん漬け,3961000
食品>惣菜>和風惣菜>焼豚,6501000
食品>魚介類・水産加工品>貝類>アワビ,2292000
食品>魚介類・水産加工品>魚卵>その他,174000
食品>調味料>ポン酢>ゆず,3121000
食品>調味料>スパイス>ブラックペッパー,4860000
食品>魚介類・水産加工品>魚卵>数の子明太,51000
食品>練り物>笹かまぼこ,3060000
食品>調味料>油>セット・詰め合わせ,3158000
食品>魚介類・水産加工品>海藻類>もずく,2700000
食品>麺類>パスタ>ロングパスタ>スパゲッティーニ,7103000
食品>魚介類・水産加工品>魚卵>イクラ・筋子>筋子,2622000
食品>惣菜>和風惣菜>焼き魚,8189000
食品>パン・ジャム・シリアル>パン>惣菜パン,10044000
食品>調味料>みそ>麦みそ,3458000
食品>調味料>韓国調味料>その他,3392000
食品>調味料>中華調味料>辣油・ラー油,4036000
食品>惣菜>和風惣菜>白焼き,2342000
食品>魚介類・水産加工品>生ちりめん・生しらす,2206000
食品>漬物・梅干し・キムチ>漬物>塩漬け,5061000
食品>精肉・肉加工品>その他肉類,2568000
食品>フルーツ・果物>和梨,5888000
食品>精肉・肉加工品>ダチョウ肉,216000
食品>調味料>砂糖・甘味料>グラニュー糖,4239000
食品>調味料>油>サラダ油,3274000
食品>フルーツ・果物>キウイフルーツ,6435000
食品>魚介類・水産加工品>タラ>切り身・丸ごと,3972000
食品>野菜・きのこ>豆類>黒豆,5042000
食品>惣菜>和風惣菜>ひつまぶし,3503000
食品>精肉・肉加工品>加工品>コンビーフ,997000
食品>精肉・肉加工品>加工品>サラミ,6877000
食品>精肉・肉加工品>加工品>ジャーキー・燻製,11143000
食品>惣菜>中華惣菜・点心>スープ,4670000
食品>漬物・梅干し・キムチ>梅干し>田舎梅干し,4248000
食品>精肉・肉加工品>加工品>セット・詰め合わせ,47508000
食品>チーズ・乳製品>ヨーグルト>その他,3484000
食品>パン・ジャム・シリアル>ジャム・はちみつ>ピーナッツクリーム・ピーナッツバター,3842000
食品>調味料>スパイス>シナモン,7587000
食品>精肉・肉加工品>加工品>その他,13616000
食品>精肉・肉加工品>加工品>フォアグラ,2568000
食品>パン・ジャム・シリアル>パン>スコーン,5165000
食品>パン・ジャム・シリアル>ジャム・はちみつ>その他,3681000
食品>精肉・肉加工品>加工品>ベーコン,5168000
食品>精肉・肉加工品>加工品>生ハム・プロシュート,17355000
食品>チーズ・乳製品>チーズ>フレッシュ>モッツァレラ,3869000
食品>魚介類・水産加工品>貝類>ハマグリ,2156000
食品>精肉・肉加工品>鴨肉,3861000
食品>豆腐・納豆・こんにゃく>豆腐>セット・詰め合わせ,5519000
食品>野菜・きのこ>その他野菜>たけのこ,2920000
食品>精肉・肉加工品>鹿肉,4731000
食品>調味料>しょうゆ>薄口しょうゆ,2056000
食品>精肉・肉加工品>七面鳥,708000
食品>チーズ・乳製品>チーズ>フレッシュ>クリームチーズ,2727000
食品>精肉・肉加工品>加工品>ハム>その他,2680000
食品>精肉・肉加工品>加工品>ソーセージ>フランクフルト,2248000
食品>精肉・肉加工品>精肉セット,6217000
食品>漬物・梅干し・キムチ>梅干し>干し梅,3401000
食品>魚介類・水産加工品>マグロ>大トロ,7707000
食品>精肉・肉加工品>猪肉,822000
食品>豆腐・納豆・こんにゃく>豆腐>湯葉,2331000
食品>漬物・梅干し・キムチ>漬物>酢漬け,3052000
食品>パン・ジャム・シリアル>パン>菓子パン>クリームパン,2777000
食品>惣菜>アジアン・エスニック惣菜>タイ料理>セット・詰め合わせ,419000
食品>惣菜>和風惣菜>たこ焼き,2317000
食品>漬物・梅干し・キムチ>漬物>らっきょう漬け,3758000
食品>パン・ジャム・シリアル>パン>フランスパン,8060000
食品>精肉・肉加工品>豚肉>ホルモン,2759000
食品>野菜・きのこ>その他野菜>山芋・自然薯,2150000
食品>チーズ・乳製品>チーズ>ハード>パルミジャーノ・レッジャーノ,4753000
食品>惣菜>アジアン・エスニック惣菜>タイ料理>その他,1066000
食品>惣菜>アジアン・エスニック惣菜>タイ料理>トムヤムクン,220000
食品>惣菜>アジアン・エスニック惣菜>ベトナム料理>その他,122000
食品>惣菜>アジアン・エスニック惣菜>ベトナム料理>フォー,432000
食品>魚介類・水産加工品>魚卵>たらこ>真子,2100000
食品>漬物・梅干し・キムチ>梅干し>赤じそ漬け,4102000
食品>調味料>みそ>赤みそ,2975000
食品>調味料>スパイス>ガーリック,3841000
食品>惣菜>韓国惣菜>スープ,4195000
食品>惣菜>アジアン・エスニック惣菜>ベトナム料理>生春巻,148000
食品>惣菜>韓国惣菜>参鶏湯,2253000
食品>フルーツ・果物>ザクロ,2788000
食品>調味料>アジアン・エスニック調味料>ココナッツミルク,3105000
食品>野菜・きのこ>豆類>枝豆,2264000
食品>フルーツ・果物>バナナ,2670000
食品>パン・ジャム・シリアル>シリアル>ブラン,3548000
食品>粉類>そば粉,2145000
食品>練り物>魚肉ソーセージ,2261000
食品>魚介類・水産加工品>貝類>アサリ,2897000
食品>惣菜>アジアン・エスニック惣菜>南米料理>その他,890000
食品>漬物・梅干し・キムチ>漬物>みそ漬け,2386000
食品>惣菜>鍋セット>水炊き,2494000
食品>精肉・肉加工品>牛肉>みすじ,4122000
食品>豆腐・納豆・こんにゃく>豆腐>絹ごし豆腐,3701000
食品>調味料>しょうゆ>たまりじょうゆ,2576000
食品>調味料>みそ>白みそ,2060000
食品>惣菜>アジアン・エスニック惣菜>南米料理>タコス,346000
食品>野菜・きのこ>ねぎ,2856000
食品>精肉・肉加工品>羊肉>セット・詰め合わせ,2090000
食品>惣菜>中華惣菜・点心>ちまき,3049000
食品>惣菜>アジアン・エスニック惣菜>南米料理>トルティーヤ,270000
食品>魚介類・水産加工品>魚卵>たらこ>切れ子,2194000
食品>フルーツ・果物>パッションフルーツ,2110000
食品>魚介類・水産加工品>貝類>つぶ貝,3256000
食品>惣菜>おせちセット>和洋中おせちセット,0
食品>調味料>スパイス>ジンジャー,3087000
食品>惣菜>和風惣菜>丼>豚丼,3348000
食品>調味料>砂糖・甘味料>オリゴ糖,3426000
食品>惣菜>カレー,74270000
食品>惣菜>中華惣菜・点心>小籠包,4898000
食品>調味料>酢>玄米酢,1930000
食品>フルーツ・果物>あんず,2813000
食品>惣菜>洋風惣菜>とんかつ>ロース,4329000
食品>魚介類・水産加工品>貝類>その他,1581000
食品>惣菜>その他,39850000
食品>漬物・梅干し・キムチ>漬物>浅漬け,2061000
食品>調味料>料理酒>発酵調味料,3877000
食品>惣菜>弁当・駅弁,85086000
食品>精肉・肉加工品>鶏肉>カワ,1834000
食品>調味料>砂糖・甘味料>氷砂糖,2855000
食品>麺類>パスタ>ロングパスタ>その他,2980000
食品>チーズ・乳製品>チーズ>セミハード>その他,2526000
食品>調味料>ドレッシング>ごまドレッシング,1638000
食品>惣菜>韓国惣菜>セット・詰め合わせ,4533000
食品>調味料>みそ>粒みそ,2223000
食品>精肉・肉加工品>加工品>ハム>ロースハム,1996000
食品>調味料>ケチャップ,4136000
食品>調味料>しお>クリスタルソルト,2790000
食品>チーズ・乳製品>ヨーグルト>無糖ヨーグルト,2404000
食品>調味料>ハーブ>その他,3832000
食品>パン・ジャム・シリアル>パン>ドイツパン,2479000
食品>調味料>酢>セット・詰め合わせ,2468000
食品>調味料>しお>セット・詰め合わせ,1472000
食品>チーズ・乳製品>チーズ>白カビ>カマンベール,3739000
食品>精肉・肉加工品>加工品>ソーセージ>その他,2407000
食品>調味料>しお>その他,58301000
食品>豆腐・納豆・こんにゃく>納豆>小粒納豆,2475000
食品>フルーツ・果物>栗,2752000
食品>魚介類・水産加工品>その他水産物>イワナ,393000
食品>調味料>しお>ハーブソルト,2029000
食品>惣菜>洋風惣菜>グラタン,2055000
食品>惣菜>中華惣菜・点心>餃子>水餃子,1641000
食品>精肉・肉加工品>牛肉>レバー,2389000
食品>惣菜>おせちセット>中華おせちセット,40000
食品>漬物・梅干し・キムチ>梅干し>小梅,2067000
食品>調味料>アジアン・エスニック調味料>その他,2311000
食品>調味料>しお>岩塩,6937000
食品>調味料>スパイス>唐辛子>その他,5899000
食品>精肉・肉加工品>馬肉>霜降り,3883000
食品>パン・ジャム・シリアル>シリアル>ミューズリー,2653000
食品>調味料>しょうゆ>減塩しょうゆ,1819000
食品>野菜・きのこ>きのこ>しいたけ,2319000
食品>魚介類・水産加工品>海藻類>海ぶどう,1560000
食品>調味料>ミックススパイス・混合調味料>柚子胡椒,1747000
食品>魚介類・水産加工品>魚卵>数の子>味付け数の子,1330000
食品>調味料>ふりかけ>おかか,2581000
食品>魚介類・水産加工品>その他水産物>クエ,700000
食品>魚介類・水産加工品>その他水産物>カレイ,1555000
食品>精肉・肉加工品>豚肉>モモ,10828000
食品>チーズ・乳製品>ヨーグルト>ギリシャヨーグルト,3223000
食品>精肉・肉加工品>馬肉>レバー,2445000
食品>漬物・梅干し・キムチ>梅干し>ねり梅,2539000
食品>フルーツ・果物>グレープフルーツ,1246000
食品>調味料>スパイス>唐辛子>一味唐辛子,3596000
食品>粉類>お好み焼・たこ焼き粉,1485000
食品>調味料>ソース・たれ>お好み焼きソース,1397000
食品>パン・ジャム・シリアル>パン>ロールパン,3801000
食品>精肉・肉加工品>加工品>ソーセージ>あらびき,2253000
食品>調味料>砂糖・甘味料>上白糖,1612000
食品>野菜・きのこ>その他野菜>菊芋,2007000
食品>フルーツ・果物>プラム,1614000
食品>精肉・肉加工品>馬肉>その他,2065000
食品>粉類>片栗粉,1807000
食品>豆腐・納豆・こんにゃく>豆腐>油揚げ,2186000
食品>惣菜>中華惣菜・点心>角煮,1699000
食品>調味料>しょうゆ>再仕込みしょうゆ,1309000
食品>野菜・きのこ>ごぼう,1559000
食品>精肉・肉加工品>豚肉>豚足,1139000
食品>野菜・きのこ>その他野菜>ブロッコリー,2391000
食品>調味料>スパイス>唐辛子>七味唐辛子,3298000
食品>魚介類・水産加工品>魚卵>イクラ・筋子>塩イクラ,715000
食品>練り物>その他,1158000
食品>調味料>ふりかけ>しそ,1747000
食品>調味料>スパイス>唐辛子>島とうがらし,633000
食品>パン・ジャム・シリアル>シリアル>コーンフレーク,1611000
食品>精肉・肉加工品>加工品>ソーセージ>生ソーセージ,1815000
食品>惣菜>和風惣菜>おでん,1458000
食品>惣菜>和風惣菜>丼>親子丼,1991000
食品>調味料>セット・詰め合わせ,42496000
食品>魚介類・水産加工品>加工品>くさや,786000
食品>野菜・きのこ>豆類>えんどう,1349000
食品>調味料>その他,29263000
食品>魚介類・水産加工品>その他水産物>ノドグロ,883000
食品>調味料>酢>穀物酢,1067000
食品>フルーツ・果物>アボカド,1168000
食品>野菜・きのこ>豆類>インゲンマメ,1230000
食品>調味料>マヨネーズ,6654000
食品>惣菜>洋風惣菜>とんかつ>その他,2513000
食品>豆腐・納豆・こんにゃく>納豆>ひきわり納豆,1389000
食品>チーズ・乳製品>チーズ>ハード>その他,1312000
食品>惣菜>おせちセット>和風おせちセット,163000
食品>野菜・きのこ>かぼちゃ,2128000
食品>パン・ジャム・シリアル>ジャム・はちみつ>ミルククリーム,1566000
食品>調味料>アジアン・エスニック調味料>魚醤・ナンプラー,1130000
食品>惣菜>和風惣菜>天ぷら,1559000
食品>調味料>油>グレープシードオイル,2276000
食品>チーズ・乳製品>チーズ>セミハード>ラクレット,1098000
食品>パン・ジャム・シリアル>パン>菓子パン>あんパン,1058000
食品>豆腐・納豆・こんにゃく>豆腐>おから,2286000
食品>フルーツ・果物>ゆず,791000
食品>パン・ジャム・シリアル>ジャム・はちみつ>コンポート,1027000
食品>米・雑穀>雑穀・雑穀米>きび,1270000
食品>パン・ジャム・シリアル>ジャム・はちみつ>はちみつ・ハニー>巣蜜・コムハニー,1563000
食品>漬物・梅干し・キムチ>漬物>かす漬け,1542000
食品>調味料>ドレッシング>イタリアンドレッシング,1070000
食品>チーズ・乳製品>チーズ>セミハード>ゴーダ,5758000
食品>調味料>ソース・たれ>とんかつソース,923000
食品>調味料>めんつゆ,20623000
食品>調味料>からし・マスタード>粒,1156000
食品>魚介類・水産加工品>その他水産物>アユ,841000
食品>豆腐・納豆・こんにゃく>納豆>大粒納豆,986000
食品>調味料>油>コーン油,970000
食品>調味料>ソース・たれ>中濃ソース,968000
食品>チーズ・乳製品>ヨーグルト>低脂肪ヨーグルト,880000
食品>調味料>ソース・たれ>オイスターソース,1615000
食品>野菜・きのこ>豆類>ひよこ豆,1415000
食品>野菜・きのこ>水煮野菜,1206000
食品>精肉・肉加工品>鶏肉>軟骨,1503000
食品>チーズ・乳製品>ヨーグルト>カスピ海ヨーグルト,1506000
食品>フルーツ・果物>パパイヤ,781000
食品>魚介類・水産加工品>貝類>サザエ,847000
食品>惣菜>鍋セット>すき焼き,767000
食品>野菜・きのこ>きのこ>トリュフ,845000
食品>調味料>スパイス>オニオン,1146000
食品>魚介類・水産加工品>貝類>ホヤ,863000
食品>チーズ・乳製品>チーズ>青カビ・ブルー>その他,625000
食品>調味料>ラード,2113000
食品>卵>うずら卵,1022000
食品>魚介類・水産加工品>魚卵>イクラ・筋子>生イクラ,181000
食品>魚介類・水産加工品>その他水産物>カンパチ,430000
食品>調味料>韓国調味料>コチュジャン,748000
食品>調味料>砂糖・甘味料>ガムシロップ,1430000
食品>惣菜>和風惣菜>赤飯,995000
食品>調味料>スパイス>カルダモン,887000
食品>卵>その他,781000
食品>パン・ジャム・シリアル>ジャム・はちみつ>チョコレートクリーム,1200000
食品>調味料>ラーメンスープ,2809000
食品>惣菜>韓国惣菜>トッポギ,1131000
食品>魚介類・水産加工品>その他水産物>サメ,930000
食品>調味料>ソース・たれ>デミグラスソース,682000
食品>豆腐・納豆・こんにゃく>豆腐>ごま豆腐,940000
食品>調味料>ソース・たれ>ウスターソース,842000
食品>調味料>わさび,2611000
食品>調味料>麹,22901000
食品>魚介類・水産加工品>その他水産物>クラゲ,2208000
食品>フルーツ・果物>マンゴスチン,782000
食品>調味料>酒粕,3982000
食品>惣菜>洋風惣菜>サラダ,1012000
食品>調味料>生わさび,1172000
食品>粉類>コーンスターチ,837000
食品>惣菜>洋風惣菜>ハヤシライス,1290000
食品>魚介類・水産加工品>その他水産物>ニシン,636000
食品>調味料>料理の素>麻婆豆腐の素,1114000
食品>調味料>油>マスタードオイル,0
食品>調味料>ドレッシング>フレンチドレッシング,779000
食品>パン・ジャム・シリアル>シリアル>玄米フレーク,1258000
食品>豆腐・納豆・こんにゃく>納豆>ワラ納豆,884000
食品>魚介類・水産加工品>海藻類>ひじき,3035000
食品>調味料>スパイス>ターメリック,1133000
食品>漬物・梅干し・キムチ>オリーブ,647000
食品>魚介類・水産加工品>魚卵>数の子>塩数の子,688000
食品>野菜・きのこ>きのこ>まいたけ,1042000
食品>調味料>みそ>豆みそ,795000
食品>精肉・肉加工品>牛肉>ミノ,1306000
食品>調味料>みりん>発酵調味料,1054000
食品>調味料>ソース・たれ>焼きそばソース,699000
食品>チーズ・乳製品>チーズ>セミハード>チェダー,1001000
食品>魚介類・水産加工品>貝類>とこぶし,96000
食品>漬物・梅干し・キムチ>キムチ,27787000
食品>調味料>ポン酢>すだち,626000
食品>フルーツ・果物>ドリアン,601000
食品>調味料>からし・マスタード>その他,798000
食品>調味料>みりん>みりん風調味料,1628000
食品>漬物・梅干し・キムチ>その他,2094000
食品>漬物・梅干し・キムチ>ピクルス,803000
食品>魚介類・水産加工品>加工品>新巻,376000
食品>パン・ジャム・シリアル>ジャム・はちみつ>はちみつ・ハニー>ナッツのはちみつ漬け,692000
食品>精肉・肉加工品>加工品>ソーセージ>ボロニアソーセージ,1029000
食品>惣菜>アジアン・エスニック惣菜>その他,601000
食品>調味料>スパイス>クローブ,1252000
食品>精肉・肉加工品>牛肉>テール,818000
食品>魚介類・水産加工品>海藻類>セット・詰め合わせ,762000
食品>調味料>砂糖・甘味料>ざら糖,861000
食品>魚介類・水産加工品>その他水産物>エイ,683000
食品>野菜・きのこ>きのこ>えのき,825000
食品>漬物・梅干し・キムチ>メンマ・ザーサイ,4248000
食品>精肉・肉加工品>馬肉>タン,17000
食品>漬物・梅干し・キムチ>漬物>しば漬け,885000
食品>粉類>天ぷら粉,869000
食品>魚介類・水産加工品>貝類>平貝・タイラギ,441000
食品>魚介類・水産加工品>加工品>カニミソ,578000
食品>魚介類・水産加工品>その他水産物>ヤマメ,5000
食品>漬物・梅干し・キムチ>梅干し>梅干しにんにく,1080000
食品>野菜・きのこ>その他野菜>れんこん,809000
食品>魚介類・水産加工品>その他水産物>マス,334000
食品>野菜・きのこ>その他野菜>行者にんにく,753000
食品>野菜・きのこ>きのこ>まつたけ,368000
食品>惣菜>和風惣菜>丼>カツ丼,563000
食品>惣菜>中華惣菜・点心>春巻き,1270000
食品>野菜・きのこ>ほうれん草,1258000
食品>調味料>油>ひまわり油,340000
食品>調味料>油>大豆油,1293000
食品>調味料>油>椿油,353000
食品>チーズ・乳製品>チーズ>ハード>ペコリーノ・ロマーノ,560000
食品>惣菜>おせちセット>洋風おせちセット,407000
食品>精肉・肉加工品>鶏肉>砂肝・筋胃,871000
食品>漬物・梅干し・キムチ>水キムチ,108000
食品>麺類>パスタ>ロングパスタ>フェデレリーニ,824000
食品>瓶詰>セット・詰め合わせ,20116000
食品>チーズ・乳製品>チーズ>フレッシュ>その他,784000
食品>チーズ・乳製品>チーズ>青カビ・ブルー>ゴルゴンゾーラ,787000
食品>卵>セット・詰め合わせ,419000
食品>卵>燻製卵・くんたま,488000
食品>野菜・きのこ>大根,759000
食品>麺類>パスタ>ショートパスタ>マカロニ,1277000
食品>調味料>ふりかけ>のりたま,876000
食品>パン・ジャム・シリアル>パン>菓子パン>チョコレートパン,1995000
食品>麺類>パスタ>ショートパスタ>その他,1050000
食品>魚介類・水産加工品>その他水産物>ハモ,425000
食品>精肉・肉加工品>加工品>ソーセージ>チョリソー,461000
食品>調味料>料理酒>清酒・合成清酒,644000
食品>魚介類・水産加工品>魚卵>明太子>イカ明太,924000
食品>調味料>中華調味料>豆板醤・トウバンジャン,668000
食品>惣菜>中華惣菜・点心>饅頭,852000
食品>野菜・きのこ>キャベツ,894000
食品>米・雑穀>雑穀・雑穀米>キヌア,839000
食品>精肉・肉加工品>羊肉>マトン,503000
食品>練り物>ちくわ,657000
食品>惣菜>鍋セット>石狩鍋,45000
食品>魚介類・水産加工品>その他水産物>トビウオ,438000
食品>野菜・きのこ>きのこ>ポルチーニ,392000
食品>野菜・きのこ>ナス,798000
食品>惣菜>鍋セット>きりたんぽ鍋,336000
食品>漬物・梅干し・キムチ>漬物>わさび漬け,707000
食品>チーズ・乳製品>チーズ>フレッシュ>マスカルポーネ,520000
食品>調味料>油>べに花油,424000
食品>惣菜>和風惣菜>茶碗蒸し,490000
食品>チーズ・乳製品>チーズ>フレッシュ>カッテージチーズ,172000
食品>惣菜>鍋セット>ちゃんこ鍋,124000
食品>魚介類・水産加工品>貝類>鳥貝・トリガイ,264000
食品>漬物・梅干し・キムチ>漬物>こうじ漬け,468000
食品>チーズ・乳製品>チーズ>ウォッシュ>その他,336000
食品>粉類>セット・詰め合わせ,678000
食品>精肉・肉加工品>牛肉>スネ,900000
食品>調味料>アジアン・エスニック調味料>スイートチリソース,616000
食品>精肉・肉加工品>加工品>ハム>ボンレスハム,747000
食品>魚介類・水産加工品>その他水産物>ハタハタ,181000
食品>粉類>パン粉,1018000
食品>魚介類・水産加工品>その他水産物>カワハギ,526000
食品>調味料>砂糖・甘味料>角砂糖,626000
食品>精肉・肉加工品>鶏肉>レバー,1023000
食品>瓶詰>フルーツ・果物,4350000
食品>惣菜>洋風惣菜>パエリア,282000
食品>惣菜>アジアン・エスニック惣菜>セット・詰め合わせ,747000
食品>漬物・梅干し・キムチ>梅干し>焼梅干し,106000
食品>惣菜>中華惣菜・点心>エビチリ,714000
食品>調味料>油>トリュフオイル,330000
食品>瓶詰>水産物加工品,6581000
食品>惣菜>韓国惣菜>チヂミ,742000
食品>漬物・梅干し・キムチ>梅干し>きざみ梅,928000
食品>粉類>から揚げ粉,569000
食品>瓶詰>惣菜,3353000
食品>調味料>ソース・たれ>ステーキソース,407000
食品>豆腐・納豆・こんにゃく>納豆>極小粒納豆,807000
食品>フルーツ・果物>じゃばら,435000
食品>惣菜>洋風惣菜>ドリア,884000
食品>フルーツ・果物>イチジク,394000
食品>チーズ・乳製品>チーズ>白カビ>ブリー,780000
食品>調味料>ふりかけ>ちりめんじゃこ,699000
食品>惣菜>中華惣菜・点心>麻婆豆腐,799000
食品>魚介類・水産加工品>その他水産物>アカメ・メヒカリ,482000
食品>野菜・きのこ>その他野菜>カリフラワー,701000
食品>米・雑穀>雑穀・雑穀米>アマランサス,602000
食品>練り物>しんじょ,294000
食品>調味料>油>アボカドオイル,278000
食品>調味料>しょうゆ>白しょうゆ,317000
食品>魚介類・水産加工品>魚卵>数の子>その他,329000
食品>フルーツ・果物>ドラゴンフルーツ,475000
食品>瓶詰>肉加工品,1120000
食品>チーズ・乳製品>チーズ>セミハード>エメンタール,240000
食品>調味料>ミックススパイス・混合調味料>ガラム・マサラ,484000
食品>調味料>スパイス>ナツメグ,150000
食品>魚介類・水産加工品>加工品>あん肝,1151000
食品>調味料>砂糖・甘味料>和三盆,428000
食品>魚介類・水産加工品>その他水産物>アイナメ,15000
食品>魚介類・水産加工品>貝類>赤貝,305000
食品>惣菜>洋風惣菜>リゾット,674000
食品>惣菜>中華惣菜・点心>あんまん,640000
食品>野菜・きのこ>里芋,398000
食品>フルーツ・果物>すだち,1257000
食品>魚介類・水産加工品>魚卵>イクラ・筋子>その他,85000
食品>パン・ジャム・シリアル>パン>菓子パン>メロンパン,326000
食品>精肉・肉加工品>豚肉>タン,456000
食品>瓶詰>野菜・きのこ,3510000
食品>魚介類・水産加工品>貝類>ほっき貝,306000
食品>米・雑穀>雑穀・雑穀米>あわ,606000
食品>卵>烏骨鶏卵,299000
食品>精肉・肉加工品>馬肉>タテガミ,296000
食品>精肉・肉加工品>豚肉>ヒレ,909000
食品>調味料>スパイス>サフラン,184000
食品>チーズ・乳製品>チーズ>セミハード>ミモレット,298000
食品>精肉・肉加工品>挽肉>牛肉,357000
食品>惣菜>洋風惣菜>ハンバーガー,237000
食品>調味料>スパイス>ホワイトペッパー,362000
食品>チーズ・乳製品>チーズ>ウォッシュ>エポワス,217000
食品>麺類>パスタ>ロングパスタ>フェットチーネ,580000
食品>精肉・肉加工品>豚肉>ミミ,415000
食品>調味料>酢>白ワインビネガー,360000
食品>精肉・肉加工品>挽肉>合挽き,438000
食品>精肉・肉加工品>馬肉>ハツ,174000
食品>野菜・きのこ>キュウリ,500000
食品>魚介類・水産加工品>魚卵>たらこ>その他,240000
食品>惣菜>洋風惣菜>とんかつ>ヒレ,348000
食品>麺類>うどん,59049000
食品>調味料>油>玄米油,189000
食品>パン・ジャム・シリアル>パン>ナン,345000
食品>惣菜>鍋セット>キムチ鍋,365000
食品>麺類>セット・詰め合わせ,14456000
食品>魚介類・水産加工品>貝類>エスカルゴ,211000
食品>野菜・きのこ>きのこ>なめこ,278000
食品>精肉・肉加工品>牛肉>ハツ,278000
食品>調味料>ハーブ>バジル,303000
食品>魚介類・水産加工品>貝類>ばい貝,192000
食品>麺類>パスタ>ロングパスタ>リングイネ,2460000
食品>魚介類・水産加工品>その他水産物>アンコウ,161000
食品>魚介類・水産加工品>その他水産物>サワラ,769000
食品>惣菜>中華惣菜・点心>北京ダック,205000
食品>麺類>そうめん,59621000
食品>魚介類・水産加工品>その他水産物>コイ,150000
食品>フルーツ・果物>かぼす,72000
食品>魚介類・水産加工品>その他水産物>カジキ,158000
食品>調味料>料理の素>寿司の素,419000
食品>パン・ジャム・シリアル>パン>菓子パン>ジャムパン,71000
食品>練り物>じゃこ天,429000
食品>豆腐・納豆・こんにゃく>豆腐>豆腐よう,122000
食品>調味料>中華調味料>辣醤・ラァジャン,299000
食品>麺類>その他,9736000
食品>豆腐・納豆・こんにゃく>納豆>黒豆納豆,183000
食品>精肉・肉加工品>加工品>ソーセージ>骨付き,152000
食品>麺類>パスタ>ショートパスタ>フジッリ,259000
食品>パン・ジャム・シリアル>パン>プレッツェル,527000
食品>魚介類・水産加工品>貝類>ミル貝,69000
食品>精肉・肉加工品>牛肉>ハチノス,236000
食品>調味料>ふりかけ>さけ,487000
食品>精肉・肉加工品>馬肉>モツ,45000
食品>惣菜>中華惣菜・点心>酢豚,348000
食品>麺類>そば,60771000
食品>調味料>ドレッシング>中華ドレッシング,303000
食品>麺類>つけ麺,2960000
食品>練り物>はんぺん,281000
食品>麺類>パスタ>ショートパスタ>ペンネ,372000
食品>チーズ・乳製品>チーズ>青カビ・ブルー>フルムダンベール,54000
食品>魚介類・水産加工品>マグロ>カマ,233000
食品>魚介類・水産加工品>その他水産物>ヒラメ,469000
食品>調味料>スパイス>コリアンダー,301000
食品>野菜・きのこ>レタス,231000
食品>魚介類・水産加工品>貝類>ムール貝,262000
食品>魚介類・水産加工品>その他水産物>タチウオ,63000
食品>チーズ・乳製品>チーズ>ハード>コンテ,218000
食品>漬物・梅干し・キムチ>漬物>もろみ漬け,163000
食品>調味料>酢>赤ワインビネガー,155000
食品>パン・ジャム・シリアル>パン>フォカッチャ,88000
食品>チーズ・乳製品>チーズ>ハード>チェダー,172000
食品>調味料>砂糖・甘味料>三温糖,211000
食品>麺類>パスタ>クスクス,121000
食品>チーズ・乳製品>チーズ>ハード>エメンタール,105000
食品>麺類>パスタ>ショートパスタ>ファルファーレ,28000
食品>チーズ・乳製品>チーズ>白カビ>その他,158000
食品>調味料>韓国調味料>サムジャン,242000
食品>調味料>ハーブ>パセリ,123000
食品>精肉・肉加工品>牛肉>ギアラ・赤センマイ,201000
食品>米・雑穀>雑穀・雑穀米>赤米,324000
食品>チーズ・乳製品>チーズ>ウォッシュ>マンステール,3000
食品>チーズ・乳製品>チーズ>セミハード>エダム,232000
食品>野菜・きのこ>その他野菜>オクラ,275000
食品>野菜・きのこ>その他野菜>ヤーコン,14000
食品>惣菜>和風惣菜>卵焼き,308000
食品>野菜・きのこ>ニラ,138000
食品>豆腐・納豆・こんにゃく>豆腐>寄せ豆腐,189000
食品>調味料>スパイス>パプリカ,215000
食品>精肉・肉加工品>鶏肉>ハツ,246000
食品>調味料>料理の素>チャーハンの素,215000
食品>精肉・肉加工品>挽肉>豚肉,349000
食品>フルーツ・果物>洋梨,50000
食品>魚介類・水産加工品>その他水産物>サヨリ,12000
食品>調味料>ポン酢>かぼす,216000
食品>惣菜>中華惣菜・点心>揚げもち,127000
食品>チーズ・乳製品>チーズ>青カビ・ブルー>スティルトン,104000
食品>精肉・肉加工品>羊肉>その他,416000
食品>野菜・きのこ>その他野菜>ゴーヤー,244000
食品>精肉・肉加工品>挽肉>鶏肉,291000
食品>麺類>パスタ>その他,8363000
食品>調味料>スパイス>スターアニス,218000
食品>野菜・きのこ>きのこ>エリンギ,91000
食品>野菜・きのこ>その他野菜>エシャロット,43000
食品>魚介類・水産加工品>フグ>白子,102000
食品>野菜・きのこ>その他野菜>明日葉,527000
食品>調味料>ハーブ>レモングラス,114000
食品>野菜・きのこ>その他野菜>小松菜,376000
食品>精肉・肉加工品>豚肉>レバー,224000
食品>麺類>パスタ>ニョッキ,85000
食品>魚介類・水産加工品>タラ>白子,60000
食品>チーズ・乳製品>チーズ>フレッシュ>フロマージュブラン,39000
食品>野菜・きのこ>その他野菜>銀杏,16000
食品>卵>ピータン,156000
食品>麺類>パスタ>ラザニア,168000
食品>調味料>中華調味料>甜麺醤・テンメンジャン,251000
食品>惣菜>和風惣菜>もんじゃ焼き,48000
食品>卵>温泉たまご,132000
食品>麺類>ひやむぎ,3412000
食品>チーズ・乳製品>チーズ>白カビ>サンタンドレ,32000
食品>精肉・肉加工品>豚肉>カシラ,233000
食品>豆腐・納豆・こんにゃく>豆腐>巾着,41000
食品>野菜・きのこ>その他野菜>大葉・しそ,177000
食品>惣菜>洋風惣菜>テリーヌ,108000
食品>調味料>油>ピーナッツオイル,34000
食品>惣菜>和風惣菜>天かす・揚げ玉,191000
食品>調味料>砂糖・甘味料>セット・詰め合わせ,7000
食品>麺類>パスタ>ロングパスタ>ブカティーニ,17000
食品>惣菜>韓国惣菜>ナムル,679000
食品>米・雑穀>雑穀・雑穀米>ひえ,213000
食品>豆腐・納豆・こんにゃく>豆腐>がんもどき,70000
食品>惣菜>韓国惣菜>プルコギ,146000
食品>練り物>伊達巻,90000
食品>豆腐・納豆・こんにゃく>豆腐>木綿豆腐,132000
食品>豆腐・納豆・こんにゃく>納豆>中粒納豆,116000
食品>野菜・きのこ>白菜,177000
食品>チーズ・乳製品>チーズ>フレッシュ>リコッタ,406000
食品>精肉・肉加工品>豚肉>ガツ,136000
食品>漬物・梅干し・キムチ>漬物>福神漬け,329000
食品>調味料>からし・マスタード>ディジョン,119000
食品>調味料>ドレッシング>梅ドレッシング,94000
食品>野菜・きのこ>その他野菜>セロリ,121000
食品>魚介類・水産加工品>その他水産物>キス,146000
食品>野菜・きのこ>その他野菜>パクチー・コリアンダー,28000
食品>惣菜>中華惣菜・点心>中華ポテト,128000
食品>惣菜>和風惣菜>おひたし,90000
食品>精肉・肉加工品>挽肉>その他,47000
食品>麺類>ラーメン,103140000
食品>麺類>ライスヌードル,7523000
食品>調味料>料理の素>回鍋肉の素,97000
食品>野菜・きのこ>その他野菜>ピーマン,197000
食品>麺類>沖縄そば,3352000
食品>野菜・きのこ>その他野菜>かぶ,34000
食品>魚介類・水産加工品>魚卵>明太子>明太高菜,178000
食品>調味料>ミックススパイス・混合調味料>シナモンシュガー,74000
食品>野菜・きのこ>きのこ>しめじ,167000
食品>調味料>ハーブ>ローズマリー,61000
食品>チーズ・乳製品>チーズ>フレッシュ>ブルサン,2000
食品>麺類>焼きそば,12223000
食品>調味料>ミックススパイス・混合調味料>ごましお,85000
食品>惣菜>おせちセット>その他,40000
食品>調味料>ハーブ>ローレル,74000
食品>フルーツ・果物>ミラクルフルーツ,67000
食品>調味料>ドレッシング>かぼすドレッシング,39000
食品>調味料>ふりかけ>たらこ,110000
食品>調味料>ハーブ>セージ,25000
食品>練り物>紅白かまぼこ,60000
食品>麺類>長崎ちゃんぽん,33826000
食品>豆腐・納豆・こんにゃく>豆腐>厚揚げ,89000
食品>調味料>ハーブ>オレガノ,93000
食品>麺類>パスタ>ロングパスタ>カッペリーニ,78000
食品>麺類>冷麺,14257000
食品>調味料>ハーブ>ペパーミント,27000
食品>調味料>料理の素>麻婆茄子の素,37000
食品>調味料>料理の素>八宝菜の素,43000
食品>魚介類・水産加工品>その他水産物>オコゼ,17000
食品>魚介類・水産加工品>その他水産物>カマス,21000
食品>調味料>韓国調味料>テンジャン,31000
食品>惣菜>和風惣菜>なます・酢の物,12000
食品>野菜・きのこ>その他野菜>パセリ,84000
食品>魚介類・水産加工品>その他水産物>カサゴ,29000
食品>魚介類・水産加工品>その他水産物>コチ,19000
食品>野菜・きのこ>その他野菜>ルッコラ,13000
食品>魚介類・水産加工品>その他水産物>メバル,18000
食品>パン・ジャム・シリアル>パン>グリッシーニ,55000
食品>パン・ジャム・シリアル>パン>イングリッシュマフィン,54000
食品>精肉・肉加工品>豚肉>コブクロ,77000
食品>魚介類・水産加工品>その他水産物>イサキ,25000
食品>惣菜>中華惣菜・点心>蒸し鶏,44000
食品>惣菜>和風惣菜>卯の花,31000
食品>魚介類・水産加工品>その他水産物>スズキ,48000
食品>調味料>ハーブ>タイム,19000
食品>精肉・肉加工品>豚肉>ハツ,51000
食品>調味料>ハーブ>マジョラム,14000
食品>野菜・きのこ>その他野菜>水菜,21000
食品>チーズ・乳製品>チーズ>青カビ・ブルー>ロックフォール,79000
食品>調味料>ミックススパイス・混合調味料>ブーケガルニ,5000
食品>野菜・きのこ>その他野菜>春菊,8000